Sujeito,tentativa,intervalo_solicitado,intervalo_reproduzido
Sujeito_01,2,1.0,1.282
Sujeito_01,4,1.0,1.324
Sujeito_01,8,1.0,1.443
Sujeito_01,10,1.0,1.379
Sujeito_01,12,1.0,1.176
Sujeito_01,15,1.0,1.891
Sujeito_01,25,1.0,2.709
Sujeito_01,26,1.0,1.076
Sujeito_01,27,1.0,1.45
Sujeito_01,32,1.0,2.346
Sujeito_01,35,1.0,1.124
Sujeito_01,36,1.0,1.889
Sujeito_01,39,1.0,1.625
Sujeito_01,43,1.0,2.3
Sujeito_01,45,1.0,1.212
Sujeito_01,1,2.0,1.737
Sujeito_01,3,2.0,1.732
Sujeito_01,11,2.0,2.216
Sujeito_01,13,2.0,1.716
Sujeito_01,14,2.0,1.571
Sujeito_01,16,2.0,1.789
Sujeito_01,17,2.0,1.989
Sujeito_01,18,2.0,2.157
Sujeito_01,19,2.0,2.084
Sujeito_01,23,2.0,2.396
Sujeito_01,28,2.0,2.384
Sujeito_01,29,2.0,2.187
Sujeito_01,37,2.0,1.966
Sujeito_01,38,2.0,1.67
Sujeito_01,40,2.0,1.806
Sujeito_01,5,4.0,2.297
Sujeito_01,6,4.0,3.539
Sujeito_01,7,4.0,3.131
Sujeito_01,9,4.0,2.274
Sujeito_01,20,4.0,3.837
Sujeito_01,21,4.0,2.748
Sujeito_01,22,4.0,3.767
Sujeito_01,24,4.0,3.399
Sujeito_01,30,4.0,3.614
Sujeito_01,31,4.0,3.433
Sujeito_01,33,4.0,4.584
Sujeito_01,34,4.0,4.076
Sujeito_01,41,4.0,3.779
Sujeito_01,42,4.0,2.922
Sujeito_01,44,4.0,2.959
Sujeito_02,4,1.0,0.819
Sujeito_02,7,1.0,1.908
Sujeito_02,9,1.0,1.539
Sujeito_02,10,1.0,1.208
Sujeito_02,12,1.0,0.759
Sujeito_02,21,1.0,1.471
Sujeito_02,22,1.0,1.274
Sujeito_02,23,1.0,0.965
Sujeito_02,27,1.0,1.081
Sujeito_02,29,1.0,1.129
Sujeito_02,31,1.0,0.965
Sujeito_02,34,1.0,0.926
Sujeito_02,38,1.0,1.875
Sujeito_02,42,1.0,1.025
Sujeito_02,45,1.0,1.297
Sujeito_02,2,2.0,2.274
Sujeito_02,5,2.0,1.646
Sujeito_02,6,2.0,2.447
Sujeito_02,8,2.0,1.38
Sujeito_02,11,2.0,1.906
Sujeito_02,15,2.0,2.251
Sujeito_02,19,2.0,1.246
Sujeito_02,24,2.0,1.767
Sujeito_02,30,2.0,2.433
Sujeito_02,32,2.0,1.781
Sujeito_02,33,2.0,2.545
Sujeito_02,35,2.0,2.148
Sujeito_02,36,2.0,1.927
Sujeito_02,39,2.0,0.706
Sujeito_02,40,2.0,2.97
Sujeito_02,1,4.0,3.656
Sujeito_02,3,4.0,3.149
Sujeito_02,13,4.0,3.204
Sujeito_02,14,4.0,4.067
Sujeito_02,16,4.0,3.941
Sujeito_02,17,4.0,4.18
Sujeito_02,18,4.0,3.971
Sujeito_02,20,4.0,4.047
Sujeito_02,25,4.0,5.0
Sujeito_02,26,4.0,3.627
Sujeito_02,28,4.0,2.018
Sujeito_02,37,4.0,3.95
Sujeito_02,41,4.0,3.762
Sujeito_02,43,4.0,3.149
Sujeito_02,44,4.0,4.254
Sujeito_03,4,1.0,1.593
Sujeito_03,5,1.0,0.769
Sujeito_03,7,1.0,1.968
Sujeito_03,8,1.0,1.05
Sujeito_03,12,1.0,0.548
Sujeito_03,17,1.0,2.231
Sujeito_03,18,1.0,0.488
Sujeito_03,23,1.0,1.343
Sujeito_03,25,1.0,1.217
Sujeito_03,26,1.0,0.594
Sujeito_03,31,1.0,1.527
Sujeito_03,33,1.0,0.819
Sujeito_03,35,1.0,0.749
Sujeito_03,37,1.0,0.484
Sujeito_03,41,1.0,1.112
Sujeito_03,6,2.0,2.451
Sujeito_03,9,2.0,1.992
Sujeito_03,10,2.0,2.226
Sujeito_03,11,2.0,1.932
Sujeito_03,14,2.0,2.137
Sujeito_03,15,2.0,2.101
Sujeito_03,22,2.0,2.21
Sujeito_03,27,2.0,2.641
Sujeito_03,29,2.0,1.944
Sujeito_03,34,2.0,1.121
Sujeito_03,36,2.0,1.417
Sujeito_03,38,2.0,1.453
Sujeito_03,40,2.0,1.859
Sujeito_03,42,2.0,2.014
Sujeito_03,45,2.0,1.727
Sujeito_03,1,4.0,2.412
Sujeito_03,2,4.0,3.251
Sujeito_03,3,4.0,3.86
Sujeito_03,13,4.0,3.524
Sujeito_03,16,4.0,3.348
Sujeito_03,19,4.0,3.966
Sujeito_03,20,4.0,4.04
Sujeito_03,21,4.0,2.797
Sujeito_03,24,4.0,4.286
Sujeito_03,28,4.0,3.872
Sujeito_03,30,4.0,4.42
Sujeito_03,32,4.0,3.579
Sujeito_03,39,4.0,5.414
Sujeito_03,43,4.0,2.919
Sujeito_03,44,4.0,4.526
Sujeito_04,3,1.0,0.928
Sujeito_04,4,1.0,0.763
Sujeito_04,7,1.0,1.067
Sujeito_04,10,1.0,1.397
Sujeito_04,12,1.0,1.179
Sujeito_04,18,1.0,1.39
Sujeito_04,20,1.0,1.352
Sujeito_04,21,1.0,0.863
Sujeito_04,23,1.0,0.881
Sujeito_04,31,1.0,0.966
Sujeito_04,33,1.0,1.491
Sujeito_04,36,1.0,1.555
Sujeito_04,37,1.0,1.25
Sujeito_04,42,1.0,3.158
Sujeito_04,1,2.0,1.665
Sujeito_04,6,2.0,1.457
Sujeito_04,8,2.0,1.626
Sujeito_04,9,2.0,1.753
Sujeito_04,13,2.0,2.096
Sujeito_04,14,2.0,2.054
Sujeito_04,17,2.0,2.082
Sujeito_04,22,2.0,1.616
Sujeito_04,24,2.0,2.609
Sujeito_04,26,2.0,2.906
Sujeito_04,27,2.0,2.032
Sujeito_04,28,2.0,2.022
Sujeito_04,30,2.0,1.958
Sujeito_04,32,2.0,2.026
Sujeito_04,40,2.0,2.662
Sujeito_04,2,4.0,2.324
Sujeito_04,5,4.0,2.401
Sujeito_04,11,4.0,2.501
Sujeito_04,15,4.0,2.251
Sujeito_04,16,4.0,2.203
Sujeito_04,19,4.0,2.607
Sujeito_04,25,4.0,2.765
Sujeito_04,29,4.0,3.274
Sujeito_04,35,4.0,2.663
Sujeito_04,38,4.0,2.806
Sujeito_04,39,4.0,3.251
Sujeito_04,41,4.0,3.209
Sujeito_04,43,4.0,2.812
Sujeito_04,44,4.0,3.747
Sujeito_04,45,4.0,3.954
Sujeito_05,2,1.0,0.886
Sujeito_05,8,1.0,0.699
Sujeito_05,19,1.0,1.401
Sujeito_05,22,1.0,2.16
Sujeito_05,23,1.0,1.554
Sujeito_05,24,1.0,1.285
Sujeito_05,25,1.0,1.059
Sujeito_05,28,1.0,1.542
Sujeito_05,32,1.0,0.9
Sujeito_05,33,1.0,1.698
Sujeito_05,36,1.0,1.007
Sujeito_05,37,1.0,1.328
Sujeito_05,38,1.0,0.456
Sujeito_05,39,1.0,0.888
Sujeito_05,45,1.0,0.924
Sujeito_05,1,2.0,2.127
Sujeito_05,3,2.0,2.179
Sujeito_05,5,2.0,1.621
Sujeito_05,6,2.0,1.767
Sujeito_05,7,2.0,2.21
Sujeito_05,14,2.0,1.473
Sujeito_05,15,2.0,1.773
Sujeito_05,16,2.0,2.684
Sujeito_05,20,2.0,2.004
Sujeito_05,26,2.0,1.9
Sujeito_05,27,2.0,2.307
Sujeito_05,29,2.0,2.144
Sujeito_05,30,2.0,2.019
Sujeito_05,31,2.0,2.325
Sujeito_05,44,2.0,2.381
Sujeito_05,4,4.0,3.536
Sujeito_05,9,4.0,2.618
Sujeito_05,10,4.0,4.236
Sujeito_05,11,4.0,4.038
Sujeito_05,12,4.0,4.149
Sujeito_05,13,4.0,4.553
Sujeito_05,17,4.0,4.355
Sujeito_05,18,4.0,3.344
Sujeito_05,21,4.0,0.222
Sujeito_05,34,4.0,4.121
Sujeito_05,35,4.0,4.399
Sujeito_05,40,4.0,3.098
Sujeito_05,41,4.0,3.643
Sujeito_05,42,4.0,3.96
Sujeito_05,43,4.0,3.458
Sujeito_06,3,1.0,0.921
Sujeito_06,9,1.0,1.063
Sujeito_06,10,1.0,1.037
Sujeito_06,11,1.0,3.075
Sujeito_06,14,1.0,0.953
Sujeito_06,16,1.0,0.953
Sujeito_06,17,1.0,1.201
Sujeito_06,18,1.0,0.865
Sujeito_06,20,1.0,1.854
Sujeito_06,31,1.0,0.911
Sujeito_06,34,1.0,1.426
Sujeito_06,35,1.0,0.704
Sujeito_06,39,1.0,1.442
Sujeito_06,40,1.0,1.087
Sujeito_06,41,1.0,1.421
Sujeito_06,1,2.0,2.952
Sujeito_06,5,2.0,2.28
Sujeito_06,6,2.0,1.932
Sujeito_06,15,2.0,2.504
Sujeito_06,19,2.0,4.78
Sujeito_06,21,2.0,3.46
Sujeito_06,22,2.0,3.161
Sujeito_06,24,2.0,1.934
Sujeito_06,25,2.0,2.263
Sujeito_06,27,2.0,1.343
Sujeito_06,28,2.0,2.309
Sujeito_06,30,2.0,2.563
Sujeito_06,32,2.0,1.432
Sujeito_06,33,2.0,1.062
Sujeito_06,36,2.0,1.15
Sujeito_06,2,4.0,2.639
Sujeito_06,4,4.0,4.271
Sujeito_06,7,4.0,3.488
Sujeito_06,8,4.0,3.563
Sujeito_06,12,4.0,3.541
Sujeito_06,13,4.0,3.676
Sujeito_06,23,4.0,8.867
Sujeito_06,26,4.0,6.414
Sujeito_06,29,4.0,4.421
Sujeito_06,37,4.0,2.87
Sujeito_06,38,4.0,2.6
Sujeito_06,42,4.0,4.847
Sujeito_06,43,4.0,3.79
Sujeito_06,44,4.0,5.95
Sujeito_06,45,4.0,2.76
Sujeito_07,5,1.0,0.887
Sujeito_07,8,1.0,2.022
Sujeito_07,14,1.0,1.5
Sujeito_07,18,1.0,1.231
Sujeito_07,19,1.0,1.325
Sujeito_07,20,1.0,1.165
Sujeito_07,22,1.0,1.041
Sujeito_07,23,1.0,0.977
Sujeito_07,25,1.0,0.974
Sujeito_07,29,1.0,0.626
Sujeito_07,30,1.0,1.093
Sujeito_07,33,1.0,1.142
Sujeito_07,37,1.0,1.339
Sujeito_07,39,1.0,0.817
Sujeito_07,40,1.0,1.156
Sujeito_07,1,2.0,2.356
Sujeito_07,2,2.0,2.314
Sujeito_07,4,2.0,2.399
Sujeito_07,12,2.0,2.134
Sujeito_07,13,2.0,2.212
Sujeito_07,16,2.0,2.235
Sujeito_07,26,2.0,1.6
Sujeito_07,28,2.0,2.187
Sujeito_07,32,2.0,2.778
Sujeito_07,34,2.0,1.956
Sujeito_07,36,2.0,2.113
Sujeito_07,41,2.0,2.042
Sujeito_07,43,2.0,2.702
Sujeito_07,44,2.0,2.179
Sujeito_07,45,2.0,1.799
Sujeito_07,3,4.0,2.679
Sujeito_07,6,4.0,4.547
Sujeito_07,7,4.0,2.657
Sujeito_07,9,4.0,2.623
Sujeito_07,10,4.0,2.674
Sujeito_07,11,4.0,3.063
Sujeito_07,15,4.0,3.046
Sujeito_07,17,4.0,3.746
Sujeito_07,21,4.0,1.894
Sujeito_07,24,4.0,2.293
Sujeito_07,27,4.0,3.197
Sujeito_07,31,4.0,2.525
Sujeito_07,35,4.0,3.71
Sujeito_07,38,4.0,2.652
Sujeito_07,42,4.0,2.97
Sujeito_08,4,1.0,0.571
Sujeito_08,6,1.0,0.967
Sujeito_08,7,1.0,0.707
Sujeito_08,8,1.0,1.159
Sujeito_08,10,1.0,1.033
Sujeito_08,14,1.0,0.866
Sujeito_08,20,1.0,0.89
Sujeito_08,21,1.0,0.884
Sujeito_08,23,1.0,0.895
Sujeito_08,25,1.0,1.44
Sujeito_08,26,1.0,1.609
Sujeito_08,27,1.0,1.206
Sujeito_08,31,1.0,1.005
Sujeito_08,37,1.0,1.35
Sujeito_08,40,1.0,1.009
Sujeito_08,1,2.0,1.753
Sujeito_08,5,2.0,1.027
Sujeito_08,12,2.0,1.975
Sujeito_08,13,2.0,1.64
Sujeito_08,15,2.0,1.531
Sujeito_08,16,2.0,2.393
Sujeito_08,18,2.0,2.129
Sujeito_08,22,2.0,1.788
Sujeito_08,29,2.0,1.401
Sujeito_08,33,2.0,2.038
Sujeito_08,36,2.0,1.747
Sujeito_08,39,2.0,2.214
Sujeito_08,41,2.0,1.558
Sujeito_08,42,2.0,2.419
Sujeito_08,45,2.0,2.762
Sujeito_08,2,4.0,2.657
Sujeito_08,3,4.0,3.839
Sujeito_08,9,4.0,2.654
Sujeito_08,11,4.0,3.463
Sujeito_08,17,4.0,5.179
Sujeito_08,19,4.0,3.54
Sujeito_08,24,4.0,2.594
Sujeito_08,28,4.0,2.727
Sujeito_08,30,4.0,2.433
Sujeito_08,32,4.0,2.852
Sujeito_08,34,4.0,3.078
Sujeito_08,35,4.0,3.122
Sujeito_08,38,4.0,3.494
Sujeito_08,43,4.0,2.841
Sujeito_08,44,4.0,3.891
Sujeito_09,1,1.0,0.767
Sujeito_09,4,1.0,0.544
Sujeito_09,5,1.0,0.653
Sujeito_09,6,1.0,0.652
Sujeito_09,8,1.0,0.543
Sujeito_09,13,1.0,0.274
Sujeito_09,16,1.0,0.489
Sujeito_09,19,1.0,0.554
Sujeito_09,20,1.0,1.07
Sujeito_09,23,1.0,0.498
Sujeito_09,26,1.0,1.211
Sujeito_09,29,1.0,0.82
Sujeito_09,34,1.0,1.042
Sujeito_09,36,1.0,0.688
Sujeito_09,38,1.0,1.516
Sujeito_09,7,2.0,2.137
Sujeito_09,9,2.0,1.206
Sujeito_09,10,2.0,1.952
Sujeito_09,11,2.0,1.404
Sujeito_09,12,2.0,1.202
Sujeito_09,18,2.0,1.728
Sujeito_09,21,2.0,1.204
Sujeito_09,22,2.0,0.967
Sujeito_09,32,2.0,1.532
Sujeito_09,33,2.0,1.947
Sujeito_09,35,2.0,1.261
Sujeito_09,39,2.0,1.312
Sujeito_09,40,2.0,1.544
Sujeito_09,43,2.0,1.225
Sujeito_09,45,2.0,1.882
Sujeito_09,2,4.0,2.82
Sujeito_09,3,4.0,3.156
Sujeito_09,14,4.0,2.858
Sujeito_09,15,4.0,2.638
Sujeito_09,17,4.0,2.799
Sujeito_09,24,4.0,2.769
Sujeito_09,25,4.0,2.317
Sujeito_09,27,4.0,2.453
Sujeito_09,28,4.0,2.948
Sujeito_09,30,4.0,2.766
Sujeito_09,31,4.0,3.568
Sujeito_09,37,4.0,2.004
Sujeito_09,41,4.0,3.232
Sujeito_09,42,4.0,2.191
Sujeito_09,44,4.0,2.721
Sujeito_10,5,1.0,0.813
Sujeito_10,15,1.0,1.119
Sujeito_10,16,1.0,0.875
Sujeito_10,19,1.0,1.008
Sujeito_10,23,1.0,0.67
Sujeito_10,24,1.0,1.229
Sujeito_10,27,1.0,1.206
Sujeito_10,31,1.0,0.669
Sujeito_10,32,1.0,1.183
Sujeito_10,33,1.0,1.41
Sujeito_10,34,1.0,0.903
Sujeito_10,35,1.0,0.936
Sujeito_10,38,1.0,1.068
Sujeito_10,39,1.0,1.433
Sujeito_10,40,1.0,1.045
Sujeito_10,1,2.0,1.88
Sujeito_10,3,2.0,1.958
Sujeito_10,4,2.0,1.538
Sujeito_10,7,2.0,2.321
Sujeito_10,9,2.0,2.643
Sujeito_10,10,2.0,1.467
Sujeito_10,11,2.0,1.816
Sujeito_10,12,2.0,3.344
Sujeito_10,14,2.0,1.303
Sujeito_10,21,2.0,2.04
Sujeito_10,28,2.0,1.294
Sujeito_10,30,2.0,1.936
Sujeito_10,36,2.0,1.505
Sujeito_10,41,2.0,1.527
Sujeito_10,44,2.0,2.112
Sujeito_10,2,4.0,3.19
Sujeito_10,6,4.0,3.228
Sujeito_10,8,4.0,2.363
Sujeito_10,13,4.0,4.283
Sujeito_10,17,4.0,3.554
Sujeito_10,18,4.0,3.001
Sujeito_10,20,4.0,2.142
Sujeito_10,22,4.0,2.309
Sujeito_10,25,4.0,3.083
Sujeito_10,26,4.0,2.236
Sujeito_10,29,4.0,2.241
Sujeito_10,37,4.0,2.893
Sujeito_10,42,4.0,1.969
Sujeito_10,43,4.0,2.993
Sujeito_10,45,4.0,2.269
Sujeito_11,1,1.0,1.473
Sujeito_11,3,1.0,1.591
Sujeito_11,5,1.0,1.033
Sujeito_11,7,1.0,0.9
Sujeito_11,15,1.0,0.946
Sujeito_11,17,1.0,1.346
Sujeito_11,23,1.0,1.199
Sujeito_11,24,1.0,1.468
Sujeito_11,25,1.0,1.404
Sujeito_11,31,1.0,1.056
Sujeito_11,34,1.0,0.863
Sujeito_11,35,1.0,0.637
Sujeito_11,39,1.0,1.272
Sujeito_11,42,1.0,1.017
Sujeito_11,44,1.0,0.92
Sujeito_11,4,2.0,1.855
Sujeito_11,6,2.0,1.811
Sujeito_11,12,2.0,1.177
Sujeito_11,13,2.0,1.625
Sujeito_11,14,2.0,2.117
Sujeito_11,16,2.0,1.933
Sujeito_11,18,2.0,1.073
Sujeito_11,20,2.0,1.926
Sujeito_11,21,2.0,1.518
Sujeito_11,29,2.0,2.92
Sujeito_11,32,2.0,1.581
Sujeito_11,33,2.0,2.095
Sujeito_11,37,2.0,1.26
Sujeito_11,40,2.0,2.118
Sujeito_11,45,2.0,1.814
Sujeito_11,2,4.0,2.835
Sujeito_11,8,4.0,3.344
Sujeito_11,9,4.0,3.196
Sujeito_11,10,4.0,2.495
Sujeito_11,11,4.0,3.231
Sujeito_11,19,4.0,2.485
Sujeito_11,22,4.0,3.048
Sujeito_11,26,4.0,3.479
Sujeito_11,27,4.0,2.724
Sujeito_11,28,4.0,3.463
Sujeito_11,30,4.0,3.327
Sujeito_11,36,4.0,2.774
Sujeito_11,38,4.0,3.441
Sujeito_11,41,4.0,3.283
Sujeito_11,43,4.0,3.234
